﻿<?xml version="1.0" encoding="UTF-8" standalone="yes"?>
<addon id="resource.images.busyspinners.extended" name="Animated Busy Spinners Pack - Extended" version="1.0.0" provider-name="mgonzales71">
	<extension point="kodi.resource.images" compile="false" type="busyspinners" />
	<requires>
		<import addon="kodi.resource" version="1.0.0"/>
	</requires>
	<extension point="xbmc.addon.metadata">
		<summary lang="en">Animated Busy Spinners Pack - Extended</summary>
		<description lang="en">Animated Busy Spinners Pack - Extended</description>
		<platform>all</platform>
        <assets>
            <icon>_assets/icon.apng</icon>
            <fanart>_assets/fanart.jpg</fanart>
            <screenshot>_assets/preview.png</screenshot>
        </assets>
	</extension>
</addon>
